رقم المشروع,اسم المشروع,ملف الصورة الأصلي,اسم الصورة المستخرجة
88,الازدهار,project-images/p88.webp,الازدهار - 88.webp
92,فلل التعاون,project-images/p92.webp,فلل التعاون - 92.webp
96,المغرزات (2),project-images/p96.webp,المغرزات (2) - 96.webp
98,العقيق (3) فلتين تجارية,project-images/p98-commercial.webp,العقيق (3) فلتين تجارية - 98.webp
98,العقيق (3) فلة خاصة,project-images/p98-private.webp,العقيق (3) فلة خاصة - 98.webp
100,شقق العقيق (1),project-images/p100.webp,شقق العقيق (1) - 100.webp
102,شقق العقيق (2),project-images/p102.webp,شقق العقيق (2) - 102.webp
104,المغرزات (3),project-images/p104.webp,المغرزات (3) - 104.webp
106,فلل الروضة,project-images/p106.webp,فلل الروضة - 106.webp
108,فلل الملز,project-images/p108.webp,فلل الملز - 108.webp
110,الخبر الشبيلي,project-images/p110.webp,الخبر الشبيلي - 110.webp
112,مشروع الفلاح,project-images/p112.webp,مشروع الفلاح - 112.webp
114,العقيق (4),project-images/p114.webp,العقيق (4) - 114.webp
116,فلل المنار,project-images/p116.webp,فلل المنار - 116.webp
118,فلل المحمدية (2),project-images/p118.webp,فلل المحمدية (2) - 118.webp
120,المحمدية (3),project-images/p120.webp,المحمدية (3) - 120.webp
122,مشروع الغدير,project-images/p122.webp,مشروع الغدير - 122.webp
124,المرسلات,project-images/p124.webp,المرسلات - 124.webp
126,شقق التعاون,project-images/p126.webp,شقق التعاون - 126.webp
128,الروابي,project-images/p128.webp,الروابي - 128.webp
130,عمارة حطين,project-images/p130.webp,عمارة حطين - 130.webp
132,أدوار حطين,project-images/p132.webp,أدوار حطين - 132.webp
136,الربوة (1),project-images/p136.webp,الربوة (1) - 136.webp
138,شقق النخيل,project-images/p138.webp,شقق النخيل - 138.webp
140,الربوة (2),project-images/p140.webp,الربوة (2) - 140.webp
142,الغدير,project-images/p142.webp,الغدير - 142.webp
144,المصيف,project-images/p144.webp,المصيف - 144.webp
146,المصيف,project-images/p146.webp,المصيف - 146.webp
148,ادوار النخيل (شارع),project-images/p148.webp,ادوار النخيل (شارع) - 148.webp
148,ادوار النخيل (شارعين),project-images/p148.webp,ادوار النخيل (شارعين) - 148.webp
150,فلل الريان,project-images/p150.webp,فلل الريان - 150.webp
152,البندرية,project-images/p152.webp,البندرية - 152.webp
154,شقق حطين,project-images/p154.webp,شقق حطين - 154.webp
156,ادوار جرير,project-images/p156.webp,ادوار جرير - 156.webp
158,أدوار العقيق,project-images/p158.webp,أدوار العقيق - 158.webp
160,ادوار الملك عبدالعزيز,project-card-bg.webp,ادوار الملك عبدالعزيز - 160.webp
-,مقر الشركة,project-images/head-office.webp,مقر الشركة.webp
,المعيزيلة السهلي,project-images/al-muaizilah.webp,المعيزيلة السهلي.webp
90,عمارة الملك فيصل,project-images/p90.webp,عمارة الملك فيصل - 90.webp
,الملز بلوك شرقي,project-images/al-malaz-east.webp,الملز بلوك شرقي.webp
,الملز بلوك غربي,project-images/al-malaz-west.webp,الملز بلوك غربي.webp
,الملز كدا الاعمار,project-images/al-malaz-kada.webp,الملز كدا الاعمار.webp
,منازل الرمال - بلك 6 قطع 25- 30,project-images/sand-homes.webp,منازل الرمال - بلك 6 قطع 25- 30.webp
,منازل الرمال - بلك 10 قطع 30 -39,project-images/sand-homes.webp,منازل الرمال - بلك 10 قطع 30 -39.webp
,منازل الرمال - بلك 20 قطعة 1-20,project-images/sand-homes.webp,منازل الرمال - بلك 20 قطعة 1-20.webp
,منازل الرمال - بلك المسجد 6 قطع 21-26,project-images/sand-homes.webp,منازل الرمال - بلك المسجد 6 قطع 21-26.webp
